{
  "framework": "nextjs",
  "buildCommand": "pnpm install && pnpm build",
  "installCommand": "pnpm install --frozen-lockfile",
  "outputDirectory": ".next",
  "functions": {
    "app/api/**/*.ts": {
      "maxDuration": 30
    }
  },
  "headers": [
    {
      "source": "/(.*)",
      "headers": [
        {
          "key": "X-Frame-Options",
          "value": "DENY"
        },
        {
          "key": "X-Content-Type-Options",
          "value": "nosniff"
        },
        {
          "key": "Referrer-Policy",
          "value": "strict-origin-when-cross-origin"
        }
      ]
    }
  ],
  "redirects": [
    {
      "source": "/home",
      "destination": "/",
      "permanent": true
    }
  ],
  "rewrites": [
    {
      "source": "/api/(.*)",
      "destination": "/api/$1"
    }
  ]
}
